<botcomponent schemaname="cr115_trpg.topic.Goodbye">
  <componenttype>9</componenttype>
  <description>このトピックは、ユーザーが別れの挨拶をするとトリガーされます。既定では、会話は終了されません。ユーザーが別の挨拶をしたときに会話を終了する場合は、このトピックに "会話の終了" アクションを追加するか、"会話の終了" のシステム トピックにリダイレクトします。</description>
  <iscustomizable>0</iscustomizable>
  <name>お問い合わせありがとうございました</name>
  <parentbotid>
    <schemaname>cr115_trpg</schemaname>
  </parentbotid>
  <statecode>0</statecode>
  <statuscode>1</statuscode>
</botcomponent>