{"schemaVersion":"1.0","appDefinitionTemplate":{"id":"/providers/Microsoft.PowerApps/apps/","type":"Microsoft.PowerApps/apps","tags":{"primaryDeviceWidth":"1366","primaryDeviceHeight":"768","supportsPortrait":"true","supportsLandscape":"true","primaryFormFactor":"Tablet","showStatusBar":"false","publisherVersion":"3.25093.16","minimumRequiredApiVersion":"2.2.0","hasComponent":"false","hasUnlockedComponent":"false","isUnifiedRootApp":"false","sienaVersion":"20250928T231207Z-3.25093.16.0"},"properties":{"appVersion":"2025-09-28T23:12:07Z","lifeCycleId":"Published","createdByClientVersion":{"major":3,"minor":25093,"build":16,"revision":0,"majorRevision":0,"minorRevision":0},"minClientVersion":{"major":3,"minor":25093,"build":16,"revision":0,"majorRevision":0,"minorRevision":0},"backgroundColor":"RGBA(0,176,240,1)","backgroundImageUri":"/13170548303662356203/Nba225f7a-0530-4ab0-8d3f-47cb7531be59-logoSmallFile","displayName":"CROCODILE PANIC","description":"","commitMessage":"","appUris":{"documentUri":{"value":"/13170548303662356203/N863d2174-56c8-4528-b2d9-73ac37c6e914-document.msapp"},"imageUris":[],"additionalUris":[{"isSolutionAware":false,"value":"/13170548303662356203/Nb60d1afd-37e3-482e-86c6-78cfd9c9e255-identity.json"}]},"createdTime":"0001-01-01T00:00:00Z","lastModifiedTime":"0001-01-01T00:00:00Z","sharedGroupsCount":0,"sharedUsersCount":0,"connectionReferences":{},"databaseReferences":{},"almMode":"Environment","performanceOptimizationEnabled":true,"canConsumeAppPass":true,"enableModernRuntimeMode":false,"executionRestrictions":{"isTeamsOnly":false,"dataLossPreventionEvaluationResult":{"status":"Compliant","lastEvaluationDate":"2025-05-04T03:36:09.1613587Z","violations":[],"violationsByPolicy":[],"violationErrorMessage":"このアプリでは、次のコネクタが使用されます: 。"}}},"isAppComponentLibrary":false,"appType":"ClassicCanvasApp","appComponents":[]}}