{"schemaVersion":"1.0","appDefinitionTemplate":{"id":"/providers/Microsoft.PowerApps/apps/","type":"Microsoft.PowerApps/apps","tags":{"primaryDeviceWidth":"640","primaryDeviceHeight":"1136","supportsPortrait":"true","supportsLandscape":"true","primaryFormFactor":"Phone","showStatusBar":"false","publisherVersion":"3.25094.12","minimumRequiredApiVersion":"2.2.0","hasComponent":"false","hasUnlockedComponent":"false","isUnifiedRootApp":"false","sienaVersion":"20251004T083525Z-3.25094.12.0"},"properties":{"appVersion":"2025-10-04T08:35:25Z","lifeCycleId":"Published","createdByClientVersion":{"major":3,"minor":25094,"build":12,"revision":0,"majorRevision":0,"minorRevision":0},"minClientVersion":{"major":3,"minor":25094,"build":12,"revision":0,"majorRevision":0,"minorRevision":0},"backgroundColor":"rgba(245, 154, 212, 1)","backgroundImageUri":"/14018155852737745066/Nbf32df50-e122-4be8-b7ed-d0c003691896-logoSmallFile","displayName":"クライミング ぴーた！","description":"キャンバスアプリで作ったゲームウォッチのオマージュです。\nデータソース未使用。ウォッチ機能付き。","commitMessage":"","appUris":{"documentUri":{"value":"/14018155852737745066/N19ac07cc-f493-439f-a9d0-4edd63b01f7b-document.msapp"},"imageUris":[],"additionalUris":[{"isSolutionAware":false,"value":"/14018155852737745066/Nc74b7124-7d83-49fe-91b7-79be69b2904b-identity.json"}]},"createdTime":"0001-01-01T00:00:00Z","lastModifiedTime":"0001-01-01T00:00:00Z","sharedGroupsCount":0,"sharedUsersCount":0,"connectionReferences":{},"databaseReferences":{},"almMode":"Environment","performanceOptimizationEnabled":true,"canConsumeAppPass":true,"enableModernRuntimeMode":false,"executionRestrictions":{"isTeamsOnly":false,"dataLossPreventionEvaluationResult":{"status":"Compliant","lastEvaluationDate":"2025-09-27T08:48:11.8032656Z","violations":[],"violationsByPolicy":[],"violationErrorMessage":"The app uses the following connectors: ."}}},"isAppComponentLibrary":false,"appType":"ClassicCanvasApp","appComponents":[]}}