{"schemaVersion":"1.0","appDefinitionTemplate":{"id":"/providers/Microsoft.PowerApps/apps/","type":"Microsoft.PowerApps/apps","tags":{"primaryDeviceWidth":"1366","primaryDeviceHeight":"768","supportsPortrait":"true","supportsLandscape":"true","primaryFormFactor":"Tablet","showStatusBar":"false","publisherVersion":"3.25093.16","minimumRequiredApiVersion":"2.2.0","hasComponent":"false","hasUnlockedComponent":"false","isUnifiedRootApp":"false","sienaVersion":"20250930T003540Z-3.25093.16.0"},"properties":{"appVersion":"2025-09-30T00:35:40Z","lifeCycleId":"Published","createdByClientVersion":{"major":3,"minor":25093,"build":16,"revision":0,"majorRevision":0,"minorRevision":0},"minClientVersion":{"major":3,"minor":25093,"build":16,"revision":0,"majorRevision":0,"minorRevision":0},"backgroundColor":"rgba(0, 0, 0, 1)","backgroundImageUri":"/6463015373399316570/N0e6186dd-d2d8-432d-b75a-b7b18deba5fe-logoSmallFile","displayName":"Bicycle Run Game","description":"Engage users in an interactive cycling game with customizable difficulty and responsive controls. Track progress and set personalized challenges to enhance motivation. Deliver an immersive experience tailored for cycling enthusiasts seeking entertainment and performance insights.","commitMessage":"","appUris":{"documentUri":{"value":"/6463015373399316570/N1ccee97c-3c41-43db-866f-a514d932c6f6-document.msapp"},"imageUris":[],"additionalUris":[{"isSolutionAware":false,"value":"/6463015373399316570/Nc932b954-590e-4b23-95d1-e2ee171ca4e5-identity.json"}]},"createdTime":"0001-01-01T00:00:00Z","lastModifiedTime":"0001-01-01T00:00:00Z","sharedGroupsCount":0,"sharedUsersCount":0,"connectionReferences":{},"databaseReferences":{},"almMode":"Solution","performanceOptimizationEnabled":true,"canConsumeAppPass":true,"enableModernRuntimeMode":false,"executionRestrictions":{"isTeamsOnly":false,"dataLossPreventionEvaluationResult":{"status":"Compliant","lastEvaluationDate":"2025-08-31T11:10:46.909143Z","violations":[],"violationsByPolicy":[],"violationErrorMessage":"このアプリでは、次のコネクタが使用されます: 。"}}},"isAppComponentLibrary":false,"appType":"ClassicCanvasApp","appComponents":[]}}