<botcomponent schemaname="cr115_trpg.topic.OnError">
  <componenttype>9</componenttype>
  <description>このシステム トピックはエージェントでエラーが発生した場合にトリガーされます。テスト チャット ウィンドウを使用している場合は、エラーの完全な説明が表示されます。</description>
  <iscustomizable>0</iscustomizable>
  <name>エラー発生時</name>
  <parentbotid>
    <schemaname>cr115_trpg</schemaname>
  </parentbotid>
  <statecode>0</statecode>
  <statuscode>1</statuscode>
</botcomponent>