<botcomponent schemaname="cr115_trpg.topic.Signin">
  <componenttype>9</componenttype>
  <description>このシステム トピックは、エージェントがサインインする必要があるか、ユーザーにサインインを求める必要がある場合にトリガーされます</description>
  <iscustomizable>0</iscustomizable>
  <name>サインイン </name>
  <parentbotid>
    <schemaname>cr115_trpg</schemaname>
  </parentbotid>
  <statecode>0</statecode>
  <statuscode>1</statuscode>
</botcomponent>