<botcomponent schemaname="cr115_trpg.topic.Escalate">
  <componenttype>9</componenttype>
  <description>このシステム トピックは、ユーザーが担当者と話す必要があることを示すとトリガーされます。
人間へのハンドオフが必要なシナリオに対するエージェントの対応方法は、ボット設定で構成できます。
エージェントでエスカレーションに対応しない場合は、このトピックは無効にする必要があります。</description>
  <iscustomizable>0</iscustomizable>
  <name>エスカレートする</name>
  <parentbotid>
    <schemaname>cr115_trpg</schemaname>
  </parentbotid>
  <statecode>0</statecode>
  <statuscode>1</statuscode>
</botcomponent>