<botcomponent schemaname="cr115_trpg.topic.MultipleTopicsMatched">
  <componenttype>9</componenttype>
  <description>このシステム トピックは、エージェントによって複数のトピックと受信メッセージが一致し、どれをトリガーするか明確にする必要がある場合にトリガーされます。</description>
  <iscustomizable>0</iscustomizable>
  <name>複数のトピックが一致しました</name>
  <parentbotid>
    <schemaname>cr115_trpg</schemaname>
  </parentbotid>
  <statecode>0</statecode>
  <statuscode>1</statuscode>
</botcomponent>